fecha,departamento,municipio,dia,hora,barrio,zona,clase de sitio,arma empleada,móvil agresor,móvil victima,cantidad,tipo
2012-01-10,CESAR,VALLEDUPAR (CT),Martes,15:30:00,LA POPA,URBANA,VIAS PUBLICAS,MOTO,CONDUCTOR MOTOCICLETA,A PIE,1,HT
2012-01-16,CESAR,VALLEDUPAR (CT),Lunes,03:00:00,-,RURAL,CARRETERA,VEHICULO,VEHICULO,VEHICULO,1,HT
2012-01-16,CESAR,VALLEDUPAR (CT),Lunes,03:00:00,-,RURAL,CARRETERA,VEHICULO,VEHICULO,VEHICULO,1,HT
2012-01-20,CESAR,VALLEDUPAR (CT),Viernes,18:30:00,GLORIETA DEL TERMINAL,URBANA,VIAS PUBLICAS,VEHICULO,VEHICULO,BICICLETA,1,HT
2012-01-29,CESAR,VALLEDUPAR (CT),Domingo,09:45:00,SANTO DOMINGO,URBANA,VIAS PUBLICAS,VEHICULO,VEHICULO,A PIE,1,HT
2012-02-06,CESAR,VALLEDUPAR (CT),Lunes,00:10:00,BALNERIO HURTADO,URBANA,VIAS PUBLICAS,VEHICULO,VEHICULO,VEHICULO,1,HT
2012-02-11,CESAR,VALLEDUPAR (CT),Sábado,19:30:00,-,RURAL,CARRETERA,VEHICULO,VEHICULO,VEHICULO,1,HT
2012-02-14,CESAR,VALLEDUPAR (CT),Martes,13:50:00,-,RURAL,CARRETERA,VEHICULO,VEHICULO,VEHICULO,1,HT
2012-02-14,CESAR,VALLEDUPAR (CT),Martes,13:50:00,-,RURAL,CARRETERA,VEHICULO,VEHICULO,VEHICULO,1,HT
2012-02-19,CESAR,VALLEDUPAR (CT),Domingo,16:30:00,MAREIGUA,URBANA,VIAS PUBLICAS,BICICLETA,CONDUCTOR MOTOCICLETA,BICICLETA,1,HT
2012-03-04,CESAR,VALLEDUPAR (CT),Domingo,04:15:00,LAS DELICIAS,URBANA,VIAS PUBLICAS,MOTO,CONDUCTOR MOTOCICLETA,CONDUCTOR MOTOCICLETA,1,HT
2012-03-04,CESAR,VALLEDUPAR (CT),Domingo,08:30:00,LOS CORTIJOS,URBANA,VIAS PUBLICAS,MOTO,VEHICULO,CONDUCTOR MOTOCICLETA,1,HT
2012-03-05,CESAR,VALLEDUPAR (CT),Lunes,11:30:00,BALNERIO HURTADO,URBANA,VIAS PUBLICAS,MOTO,CONDUCTOR MOTOCICLETA,A PIE,1,HT
2012-03-06,CESAR,VALLEDUPAR (CT),Martes,20:00:00,CASIMIRO MASTRE,URBANA,VIAS PUBLICAS,MOTO,CONDUCTOR MOTOCICLETA,CONDUCTOR MOTOCICLETA,1,HT
2012-03-18,CESAR,VALLEDUPAR (CT),Domingo,13:20:00,-,URBANA,CARRETERA,MOTO,CONDUCTOR MOTOCICLETA,CONDUCTOR MOTOCICLETA,1,HT
2012-03-18,CESAR,VALLEDUPAR (CT),Domingo,20:30:00,DON CARMELO,URBANA,VIAS PUBLICAS,MOTO,CONDUCTOR MOTOCICLETA,CONDUCTOR MOTOCICLETA,1,HT
2012-04-28,CESAR,VALLEDUPAR (CT),Sábado,05:55:00,SANTO DOMINGO,URBANA,VIAS PUBLICAS,VEHICULO,VEHICULO,A PIE,1,HT
2012-04-30,CESAR,VALLEDUPAR (CT),Lunes,14:20:00,-,RURAL,CARRETERA,VEHICULO,VEHICULO,VEHICULO,1,HT
2012-05-10,CESAR,VALLEDUPAR (CT),Jueves,03:10:00,GARUPAL I,URBANA,VIAS PUBLICAS,VEHICULO,VEHICULO,A PIE,1,HT
2012-05-13,CESAR,VALLEDUPAR (CT),Domingo,01:40:00,-,URBANA,CARRETERA,MOTO,VEHICULO,CONDUCTOR MOTOCICLETA,1,HT
2012-05-20,CESAR,VALLEDUPAR (CT),Domingo,22:45:00,FUNDADORES,URBANA,VIAS PUBLICAS,MOTO,CONDUCTOR MOTOCICLETA,CONDUCTOR MOTOCICLETA,1,HT
2012-05-25,CESAR,VALLEDUPAR (CT),Viernes,17:10:00,GARUPAL I,URBANA,VIAS PUBLICAS,MOTO,CONDUCTOR MOTOCICLETA,A PIE,1,HT
2012-05-27,CESAR,VALLEDUPAR (CT),Domingo,05:40:00,GARUPAL I,URBANA,VIAS PUBLICAS,MOTO,CONDUCTOR MOTOCICLETA,CONDUCTOR MOTOCICLETA,1,HT
2012-05-27,CESAR,VALLEDUPAR (CT),Domingo,05:40:00,GARUPAL I,URBANA,VIAS PUBLICAS,MOTO,CONDUCTOR MOTOCICLETA,CONDUCTOR MOTOCICLETA,1,HT
2012-05-27,CESAR,VALLEDUPAR (CT),Domingo,09:00:00,FUNDADORES,URBANA,VIAS PUBLICAS,VEHICULO,VEHICULO,A PIE,1,HT
2012-06-02,CESAR,VALLEDUPAR (CT),Sábado,01:00:00,LOPERENA,URBANA,VIAS PUBLICAS,VEHICULO,VEHICULO,A PIE,1,HT
2012-06-08,CESAR,VALLEDUPAR (CT),Viernes,16:25:00,-,RURAL,CARRETERA,MOTO,CONDUCTOR MOTOCICLETA,CONDUCTOR MOTOCICLETA,1,HT
2012-06-19,CESAR,VALLEDUPAR (CT),Martes,11:20:00,GAITAN,URBANA,VIAS PUBLICAS,MOTO,CONDUCTOR MOTOCICLETA,A PIE,1,HT
2012-07-16,CESAR,VALLEDUPAR (CT),Lunes,17:30:00,-,RURAL,CARRETERA,MOTO,VEHICULO,CONDUCTOR MOTOCICLETA,1,HT
2012-08-27,CESAR,VALLEDUPAR (CT),Lunes,18:45:00,-,URBANA,CARRETERA,VEHICULO,VEHICULO,CONDUCTOR MOTOCICLETA,1,HT
2012-08-30,CESAR,VALLEDUPAR (CT),Jueves,10:00:00,-,URBANA,CARRETERA,BICICLETA,VEHICULO,BICICLETA,1,HT
2012-09-04,CESAR,VALLEDUPAR (CT),Martes,20:30:00,FUNDADORES,URBANA,VIAS PUBLICAS,MOTO,CONDUCTOR MOTOCICLETA,A PIE,1,HT
2012-09-16,CESAR,VALLEDUPAR (CT),Domingo,14:00:00,-,RURAL,CARRETERA,VEHICULO,VEHICULO,VEHICULO,1,HT
2012-10-04,CESAR,VALLEDUPAR (CT),Jueves,23:30:00,-,RURAL,CARRETERA,VEHICULO,VEHICULO,VEHICULO,1,HT
2012-10-12,CESAR,VALLEDUPAR (CT),Viernes,13:50:00,-,RURAL,CARRETERA,VEHICULO,VEHICULO,VEHICULO,1,HT
2012-10-13,CESAR,VALLEDUPAR (CT),Sábado,08:30:00,-,RURAL,CARRETERA,VEHICULO,VEHICULO,BICICLETA,1,HT
2012-10-14,CESAR,VALLEDUPAR (CT),Domingo,21:30:00,SIMON BOLIVAR,URBANA,VIAS PUBLICAS,VEHICULO,VEHICULO,CONDUCTOR MOTOCICLETA,1,HT
2012-10-16,CESAR,VALLEDUPAR (CT),Martes,02:00:00,1º DE MAYO,URBANA,VIAS PUBLICAS,VEHICULO,VEHICULO,VEHICULO,1,HT
2012-10-18,CESAR,VALLEDUPAR (CT),Jueves,00:30:00,IRACAL,URBANA,VIAS PUBLICAS,MOTO,VEHICULO,CONDUCTOR MOTOCICLETA,1,HT
2012-11-05,CESAR,VALLEDUPAR (CT),Lunes,22:00:00,11 DE NOVIEMBRE,URBANA,VIAS PUBLICAS,MOTO,CONDUCTOR MOTOCICLETA,CONDUCTOR MOTOCICLETA,1,HT
2012-11-10,CESAR,VALLEDUPAR (CT),Sábado,05:15:00,25 DE DICIEMBRE,URBANA,VIAS PUBLICAS,MOTO,CONDUCTOR MOTOCICLETA,CONDUCTOR MOTOCICLETA,1,HT
2012-11-10,CESAR,VALLEDUPAR (CT),Sábado,05:15:00,25 DE DICIEMBRE,URBANA,VIAS PUBLICAS,MOTO,CONDUCTOR MOTOCICLETA,CONDUCTOR MOTOCICLETA,1,HT
2012-11-15,CESAR,VALLEDUPAR (CT),Jueves,15:30:00,-,RURAL,CARRETERA,VEHICULO,VEHICULO,VEHICULO,1,HT
2012-11-15,CESAR,VALLEDUPAR (CT),Jueves,18:30:00,-,RURAL,CARRETERA,VEHICULO,VEHICULO,VEHICULO,1,HT
2012-11-15,CESAR,VALLEDUPAR (CT),Jueves,18:30:00,-,RURAL,CARRETERA,VEHICULO,VEHICULO,VEHICULO,1,HT
2012-11-15,CESAR,VALLEDUPAR (CT),Jueves,18:30:00,-,RURAL,CARRETERA,VEHICULO,VEHICULO,VEHICULO,1,HT
2012-11-23,CESAR,VALLEDUPAR (CT),Viernes,11:50:00,LA GRANJA,URBANA,VIAS PUBLICAS,MOTO,CONDUCTOR MOTOCICLETA,CONDUCTOR MOTOCICLETA,1,HT
2012-12-01,CESAR,VALLEDUPAR (CT),Sábado,07:30:00,-,RURAL,CARRETERA,MOTO,CONDUCTOR MOTOCICLETA,CONDUCTOR MOTOCICLETA,1,HT
2012-12-04,CESAR,VALLEDUPAR (CT),Martes,16:35:00,SAN JOAQUIN,URBANA,VIAS PUBLICAS,VEHICULO,VEHICULO,CONDUCTOR MOTOCICLETA,1,HT
2012-12-09,CESAR,VALLEDUPAR (CT),Domingo,18:15:00,-,RURAL,CARRETERA,VEHICULO,VEHICULO,A PIE,1,HT
2012-12-22,CESAR,VALLEDUPAR (CT),Sábado,08:30:00,-,RURAL,CARRETERA,VEHICULO,VEHICULO,VEHICULO,1,HT
2012-12-30,CESAR,VALLEDUPAR (CT),Domingo,22:00:00,LA POPA,URBANA,VIAS PUBLICAS,MOTO,CONDUCTOR MOTOCICLETA,CONDUCTOR MOTOCICLETA,1,HT
2012-12-31,CESAR,VALLEDUPAR (CT),Lunes,19:10:00,-,RURAL,CARRETERA,VEHICULO,VEHICULO,VEHICULO,1,HT
2013-01-01,CESAR,VALLEDUPAR (CT),Martes,11:40:00,DON CARMELO,URBANA,VIAS PUBLICAS,MOTO,CONDUCTOR MOTOCICLETA,CONDUCTOR MOTOCICLETA,1,HT
2013-01-11,CESAR,VALLEDUPAR (CT),Viernes,21:15:00,LAS FLORES,URBANA,VIAS PUBLICAS,MOTO,CONDUCTOR MOTOCICLETA,CONDUCTOR MOTOCICLETA,1,HT
2013-01-24,CESAR,VALLEDUPAR (CT),Jueves,06:00:00,-,RURAL,VIAS PUBLICAS,MOTO,CONDUCTOR MOTOCICLETA,CONDUCTOR MOTOCICLETA,1,HT
2013-01-25,CESAR,VALLEDUPAR (CT),Viernes,11:00:00,-,RURAL,CARRETERA,VEHICULO,CONDUCTOR VEHICULO,CONDUCTOR VEHICULO,1,HT
2013-01-26,CESAR,VALLEDUPAR (CT),Sábado,04:30:00,MERCA BASTOS,URBANA,VIAS PUBLICAS,VEHICULO,CONDUCTOR VEHICULO,CONDUCTOR MOTOCICLETA,1,HT
2013-02-02,CESAR,VALLEDUPAR (CT),Sábado,08:05:00,BALNEARIO HURTADO,URBANA,VIAS PUBLICAS,VEHICULO,CONDUCTOR VEHICULO,CONDUCTOR VEHICULO,1,HT
2013-02-13,CESAR,VALLEDUPAR (CT),Miércoles,10:30:00,SAN CLEMENTE,URBANA,VIAS PUBLICAS,VEHICULO,CONDUCTOR VEHICULO,CONDUCTOR MOTOCICLETA,1,HT
2013-02-19,CESAR,VALLEDUPAR (CT),Martes,22:00:00,SAN MARTIN,URBANA,VIAS PUBLICAS,MOTO,CONDUCTOR MOTOCICLETA,CONDUCTOR MOTOCICLETA,1,HT
2013-02-21,CESAR,VALLEDUPAR (CT),Jueves,22:00:00,SAN MARTIN,URBANA,VIAS PUBLICAS,MOTO,CONDUCTOR MOTOCICLETA,CONDUCTOR MOTOCICLETA,1,HT
2013-02-23,CESAR,VALLEDUPAR (CT),Sábado,13:20:00,SAN MARTIN,URBANA,VIAS PUBLICAS,MOTO,CONDUCTOR VEHICULO,CONDUCTOR MOTOCICLETA,1,HT
2013-02-24,CESAR,VALLEDUPAR (CT),Domingo,16:40:00,ENRIQUE PUPO,URBANA,VIAS PUBLICAS,VEHICULO,CONDUCTOR VEHICULO,BICICLETA,1,HT
2013-03-04,CESAR,VALLEDUPAR (CT),Lunes,19:35:00,GAITAN,URBANA,VIAS PUBLICAS,MOTO,CONDUCTOR MOTOCICLETA,A PIE,1,HT
2013-03-05,CESAR,VALLEDUPAR (CT),Martes,17:55:00,LA NEVADA,URBANA,VIAS PUBLICAS,MOTO,CONDUCTOR MOTOCICLETA,A PIE,1,HT
2013-03-11,CESAR,VALLEDUPAR (CT),Lunes,09:35:00,FUNDADORES,URBANA,VIAS PUBLICAS,VEHICULO,CONDUCTOR VEHICULO,A PIE,1,HT
2013-03-17,CESAR,VALLEDUPAR (CT),Domingo,05:00:00,LAS FLORES,URBANA,VIAS PUBLICAS,VEHICULO,CONDUCTOR VEHICULO,CONDUCTOR MOTOCICLETA,1,HT
2013-03-17,CESAR,VALLEDUPAR (CT),Domingo,20:10:00,CENTRO,URBANA,VIAS PUBLICAS,VEHICULO,PASAJERO METRO,CONDUCTOR MOTOCICLETA,1,HT
2013-04-21,CESAR,VALLEDUPAR (CT),Domingo,23:00:00,EL OASIS,URBANA,VIAS PUBLICAS,VEHICULO,CONDUCTOR VEHICULO,CONDUCTOR MOTOCICLETA,1,HT
2013-04-28,CESAR,VALLEDUPAR (CT),Domingo,17:30:00,VILLA CAREL,URBANA,VIAS PUBLICAS,VEHICULO,CONDUCTOR VEHICULO,CONDUCTOR VEHICULO,1,HT
2013-05-13,CESAR,VALLEDUPAR (CT),Lunes,08:00:00,LA CANDELARIA,URBANA,VIAS PUBLICAS,VEHICULO,CONDUCTOR VEHICULO,A PIE,1,HT
2013-05-31,CESAR,VALLEDUPAR (CT),Viernes,06:30:00,1º DE MAYO,URBANA,VIAS PUBLICAS,MOTO,CONDUCTOR MOTOCICLETA,A PIE,1,HT
2013-06-14,CESAR,VALLEDUPAR (CT),Viernes,00:40:00,LOS MUSICOS,URBANA,VIAS PUBLICAS,VEHICULO,CONDUCTOR VEHICULO,CONDUCTOR MOTOCICLETA,1,HT
2013-06-16,CESAR,VALLEDUPAR (CT),Domingo,13:30:00,-,RURAL,CARRETERA,VEHICULO,CONDUCTOR VEHICULO,CONDUCTOR VEHICULO,1,HT
2013-06-16,CESAR,VALLEDUPAR (CT),Domingo,13:30:00,-,RURAL,CARRETERA,VEHICULO,CONDUCTOR VEHICULO,CONDUCTOR VEHICULO,1,HT
2013-06-16,CESAR,VALLEDUPAR (CT),Domingo,13:30:00,-,RURAL,CARRETERA,VEHICULO,CONDUCTOR VEHICULO,CONDUCTOR VEHICULO,1,HT
2013-06-16,CESAR,VALLEDUPAR (CT),Domingo,13:30:00,-,RURAL,CARRETERA,VEHICULO,CONDUCTOR VEHICULO,CONDUCTOR VEHICULO,1,HT
2013-06-23,CESAR,VALLEDUPAR (CT),Domingo,09:30:00,-,RURAL,CARRETERA,VEHICULO,CONDUCTOR VEHICULO,CONDUCTOR MOTOCICLETA,1,HT
2013-06-25,CESAR,VALLEDUPAR (CT),Martes,09:11:00,FUNDADORES,URBANA,VIAS PUBLICAS,VEHICULO,CONDUCTOR VEHICULO,CONDUCTOR MOTOCICLETA,1,HT
2013-07-01,CESAR,VALLEDUPAR (CT),Lunes,22:30:00,PANAMA,URBANA,VIAS PUBLICAS,MOTO,CONDUCTOR MOTOCICLETA,CONDUCTOR MOTOCICLETA,1,HT
2013-07-03,CESAR,VALLEDUPAR (CT),Miércoles,00:50:00,LOS CACIQUES,URBANA,VIAS PUBLICAS,MOTO,CONDUCTOR MOTOCICLETA,CONDUCTOR MOTOCICLETA,1,HT
2013-07-10,CESAR,VALLEDUPAR (CT),Miércoles,13:13:00,-,RURAL,CARRETERA,VEHICULO,CONDUCTOR VEHICULO,CONDUCTOR MOTOCICLETA,1,HT
2013-07-10,CESAR,VALLEDUPAR (CT),Miércoles,13:13:00,-,RURAL,CARRETERA,VEHICULO,CONDUCTOR VEHICULO,CONDUCTOR MOTOCICLETA,1,HT
2013-07-30,CESAR,VALLEDUPAR (CT),Martes,14:40:00,-,RURAL,CARRETERA,VEHICULO,CONDUCTOR VEHICULO,CONDUCTOR VEHICULO,1,HT
2013-08-07,CESAR,VALLEDUPAR (CT),Miércoles,16:35:00,FUNDADORES,URBANA,VIAS PUBLICAS,VEHICULO,CONDUCTOR VEHICULO,BICICLETA,1,HT
2013-08-12,CESAR,VALLEDUPAR (CT),Lunes,12:50:00,CENTRO,URBANA,CARRETERA,MOTO,CONDUCTOR MOTOCICLETA,A PIE,1,HT
2013-09-07,CESAR,VALLEDUPAR (CT),Sábado,01:00:00,-,URBANA,CARRETERA,VEHICULO,CONDUCTOR VEHICULO,CONDUCTOR MOTOCICLETA,1,HT
2013-09-15,CESAR,VALLEDUPAR (CT),Domingo,00:30:00,FUNDADORES,URBANA,CARRETERA,MOTO,CONDUCTOR VEHICULO,CONDUCTOR MOTOCICLETA,1,HT
2013-09-29,CESAR,VALLEDUPAR (CT),Domingo,04:30:00,SIMON BOLIVAR,URBANA,VIAS PUBLICAS,MOTO,CONDUCTOR MOTOCICLETA,CONDUCTOR MOTOCICLETA,1,HT
2013-10-13,CESAR,VALLEDUPAR (CT),Domingo,12:30:00,NOVALITO,URBANA,VIAS PUBLICAS,MOTO,CONDUCTOR VEHICULO,CONDUCTOR MOTOCICLETA,1,HT
2013-10-23,CESAR,VALLEDUPAR (CT),Miércoles,15:40:00,EL CARMEN,URBANA,VIAS PUBLICAS,MOTO,CONDUCTOR MOTOCICLETA,A PIE,1,HT
2013-11-01,CESAR,VALLEDUPAR (CT),Viernes,19:40:00,VEREDA,RURAL,CARRETERA,VEHICULO,CONDUCTOR VEHICULO,CONDUCTOR VEHICULO,1,HT
2013-11-08,CESAR,VALLEDUPAR (CT),Viernes,22:00:00,VEREDA,RURAL,CARRETERA,VEHICULO,CONDUCTOR VEHICULO,CONDUCTOR MOTOCICLETA,1,HT
2013-11-28,CESAR,VALLEDUPAR (CT),Jueves,17:00:00,12 DE OCTUBRE,URBANA,VIAS PUBLICAS,MOTO,CONDUCTOR MOTOCICLETA,A PIE,1,HT
2013-11-29,CESAR,VALLEDUPAR (CT),Viernes,09:30:00,-,URBANA,VIAS PUBLICAS,VEHICULO,CONDUCTOR VEHICULO,BICICLETA,1,HT
2013-12-01,CESAR,VALLEDUPAR (CT),Domingo,17:20:00,-,RURAL,CARRETERA,MOTO,CONDUCTOR MOTOCICLETA,CONDUCTOR MOTOCICLETA,1,HT
2013-12-02,CESAR,VALLEDUPAR (CT),Lunes,13:20:00,-,RURAL,CARRETERA,VEHICULO,CONDUCTOR VEHICULO,CONDUCTOR VEHICULO,1,HT
2013-12-09,CESAR,VALLEDUPAR (CT),Lunes,19:40:00,-,RURAL,CARRETERA,VEHICULO,CONDUCTOR VEHICULO,CONDUCTOR MOTOCICLETA,1,HT
2013-12-12,CESAR,VALLEDUPAR (CT),Jueves,12:30:00,LA GRANJA,URBANA,VIAS PUBLICAS,VEHICULO,CONDUCTOR VEHICULO,CONDUCTOR VEHICULO,1,HT
2013-12-19,CESAR,VALLEDUPAR (CT),Jueves,15:30:00,GARUPAL I,URBANA,VIAS PUBLICAS,MOTO,CONDUCTOR MOTOCICLETA,CONDUCTOR MOTOCICLETA,1,HT
2013-12-22,CESAR,VALLEDUPAR (CT),Domingo,07:20:00,-,RURAL,CARRETERA,VEHICULO,CONDUCTOR VEHICULO,BICICLETA,1,HT
2013-12-27,CESAR,VALLEDUPAR (CT),Viernes,19:50:00,-,RURAL,CARRETERA,NO REPORTADO,-,BICICLETA,1,HT
2014-01-01,CESAR,VALLEDUPAR (CT),Miércoles,01:20:00,CENTRO,RURAL,CARRETERA,VEHICULO,CONDUCTOR VEHICULO,A PIE,1,HT
2014-01-09,CESAR,VALLEDUPAR (CT),Jueves,10:40:00,EL CENTRO,URBANA,VIAS PUBLICAS,VEHICULO,CONDUCTOR VEHICULO,CONDUCTOR MOTOCICLETA,1,HT
2014-01-14,CESAR,VALLEDUPAR (CT),Martes,09:00:00,LA GRANJA,URBANA,VIAS PUBLICAS,VEHICULO,CONDUCTOR VEHICULO,A PIE,1,HT
2014-01-29,CESAR,VALLEDUPAR (CT),Miércoles,07:00:00,5 DE NOVIEMBRE,URBANA,VIAS PUBLICAS,MOTO,CONDUCTOR MOTOCICLETA,A PIE,1,HT
2014-02-02,CESAR,VALLEDUPAR (CT),Domingo,15:49:00,FUNDADORES,URBANA,VIAS PUBLICAS,MOTO,CONDUCTOR MOTOCICLETA,CONDUCTOR MOTOCICLETA,1,HT
2014-03-15,CESAR,VALLEDUPAR (CT),Sábado,19:00:00,SAN MARTIN,URBANA,VIAS PUBLICAS,MOTO,CONDUCTOR VEHICULO,CONDUCTOR MOTOCICLETA,1,HT
2014-03-23,CESAR,VALLEDUPAR (CT),Domingo,05:00:00,CENTRO,RURAL,CARRETERA,MOTO,CONDUCTOR MOTOCICLETA,CONDUCTOR MOTOCICLETA,1,HT
2014-03-24,CESAR,VALLEDUPAR (CT),Lunes,01:45:00,VILLA CLARA,URBANA,CARRETERA,MOTO,CONDUCTOR VEHICULO,CONDUCTOR MOTOCICLETA,1,HT
2014-03-30,CESAR,VALLEDUPAR (CT),Domingo,19:30:00,NUEVO MILENIO,URBANA,VIAS PUBLICAS,MOTO,CONDUCTOR MOTOCICLETA,CONDUCTOR MOTOCICLETA,1,HT
2014-04-11,CESAR,VALLEDUPAR (CT),Viernes,10:30:00,EL OASIS,URBANA,VIAS PUBLICAS,MOTO,CONDUCTOR MOTOCICLETA,A PIE,1,HT
2014-04-27,CESAR,VALLEDUPAR (CT),Domingo,23:20:00,LA NEVADA,URBANA,CARRETERA,MOTO,CONDUCTOR VEHICULO,CONDUCTOR MOTOCICLETA,1,HT
2014-05-04,CESAR,VALLEDUPAR (CT),Domingo,06:40:00,CENTRO,URBANA,VIAS PUBLICAS,MOTO,CONDUCTOR MOTOCICLETA,PASAJERO MOTOCICLETA,1,HT
2014-05-08,CESAR,VALLEDUPAR (CT),Jueves,08:20:00,VEREDA,RURAL,CARRETERA,VEHICULO,CONDUCTOR VEHICULO,CONDUCTOR VEHICULO,1,HT
2014-05-10,CESAR,VALLEDUPAR (CT),Sábado,07:40:00,NOVALITO,URBANA,VIAS PUBLICAS,MOTO,CONDUCTOR MOTOCICLETA,CONDUCTOR MOTOCICLETA,1,HT
2014-05-10,CESAR,VALLEDUPAR (CT),Sábado,17:40:00,VEREDA,RURAL,CARRETERA,MOTO,CONDUCTOR MOTOCICLETA,CONDUCTOR MOTOCICLETA,1,HT
2014-05-11,CESAR,VALLEDUPAR (CT),Domingo,07:40:00,CENTRO,URBANA,VIAS PUBLICAS,MOTO,CONDUCTOR VEHICULO,CONDUCTOR MOTOCICLETA,1,HT
2014-05-12,CESAR,VALLEDUPAR (CT),Lunes,06:00:00,SANTO DOMINGO,URBANA,VIAS PUBLICAS,MOTO,CONDUCTOR MOTOCICLETA,CONDUCTOR MOTOCICLETA,1,HT
2014-05-15,CESAR,VALLEDUPAR (CT),Jueves,00:40:00,NOVALITO,URBANA,CARRETERA,MOTO,CONDUCTOR VEHICULO,CONDUCTOR MOTOCICLETA,1,HT
2014-05-17,CESAR,VALLEDUPAR (CT),Sábado,14:20:00,VEREDA,RURAL,CARRETERA,MOTO,CONDUCTOR MOTOCICLETA,CONDUCTOR MOTOCICLETA,1,HT
2014-05-19,CESAR,VALLEDUPAR (CT),Lunes,05:40:00,1º DE MAYO,URBANA,VIAS PUBLICAS,MOTO,CONDUCTOR VEHICULO,CONDUCTOR MOTOCICLETA,1,HT
2014-06-03,CESAR,VALLEDUPAR (CT),Martes,20:00:00,SAN VICENTE,URBANA,CARRETERA,MOTO,CONDUCTOR MOTOCICLETA,CONDUCTOR MOTOCICLETA,1,HT
2014-06-11,CESAR,VALLEDUPAR (CT),Miércoles,07:10:00,VEREDA,RURAL,CARRETERA,MOTO,CONDUCTOR VEHICULO,CONDUCTOR MOTOCICLETA,1,HT
2014-06-14,CESAR,VALLEDUPAR (CT),Sábado,13:00:00,LA FLORESTA,URBANA,VIAS PUBLICAS,MOTO,CONDUCTOR MOTOCICLETA,A PIE,1,HT
2014-06-28,CESAR,VALLEDUPAR (CT),Sábado,14:00:00,CENTRO,URBANA,VIAS PUBLICAS,MOTO,CONDUCTOR MOTOCICLETA,CONDUCTOR MOTOCICLETA,1,HT
2014-06-29,CESAR,VALLEDUPAR (CT),Domingo,17:00:00,VEREDA,RURAL,CARRETERA,MOTO,CONDUCTOR MOTOCICLETA,CONDUCTOR MOTOCICLETA,1,HT
2014-06-29,CESAR,VALLEDUPAR (CT),Domingo,08:00:00,VEREDA,RURAL,CARRETERA,VEHICULO,CONDUCTOR VEHICULO,CONDUCTOR VEHICULO,1,HT
2014-06-29,CESAR,VALLEDUPAR (CT),Domingo,08:00:00,VEREDA,RURAL,CARRETERA,VEHICULO,CONDUCTOR VEHICULO,CONDUCTOR VEHICULO,1,HT
2014-06-29,CESAR,VALLEDUPAR (CT),Domingo,22:10:00,LA NEVADA,URBANA,VIAS PUBLICAS,VEHICULO,CONDUCTOR VEHICULO,A PIE,1,HT
2014-07-02,CESAR,VALLEDUPAR (CT),Miércoles,05:30:00,VEREDA,RURAL,CARRETERA,MOTO,CONDUCTOR MOTOCICLETA,CONDUCTOR MOTOCICLETA,1,HT
2014-07-06,CESAR,VALLEDUPAR (CT),Domingo,00:20:00,LA NEVADA,URBANA,VIAS PUBLICAS,MOTO,CONDUCTOR MOTOCICLETA,CONDUCTOR MOTOCICLETA,1,HT
2014-07-10,CESAR,VALLEDUPAR (CT),Jueves,14:30:00,VEREDA,RURAL,CARRETERA,MOTO,CONDUCTOR VEHICULO,CONDUCTOR MOTOCICLETA,1,HT
2014-07-11,CESAR,VALLEDUPAR (CT),Viernes,05:00:00,1º DE MAYO,URBANA,VIAS PUBLICAS,MOTO,CONDUCTOR MOTOCICLETA,CONDUCTOR MOTOCICLETA,1,HT
2014-07-17,CESAR,VALLEDUPAR (CT),Jueves,08:40:00,VEREDA,RURAL,CARRETERA,MOTO,CONDUCTOR VEHICULO,CONDUCTOR MOTOCICLETA,1,HT
2014-09-06,CESAR,VALLEDUPAR (CT),Sábado,12:30:00,VEREDA,RURAL,CARRETERA,VEHICULO,CONDUCTOR VEHICULO,CONDUCTOR MOTOCICLETA,1,HT
2014-09-28,CESAR,VALLEDUPAR (CT),Domingo,03:15:00,CENTRO,URBANA,VIAS PUBLICAS,MOTO,CONDUCTOR VEHICULO,CONDUCTOR MOTOCICLETA,1,HT
2014-10-09,CESAR,VALLEDUPAR (CT),Jueves,20:00:00,VEREDA,RURAL,CARRETERA,VEHICULO,CONDUCTOR VEHICULO,CONDUCTOR VEHICULO,1,HT
2014-10-09,CESAR,VALLEDUPAR (CT),Jueves,20:00:00,VEREDA,RURAL,CARRETERA,VEHICULO,CONDUCTOR VEHICULO,CONDUCTOR VEHICULO,1,HT
2014-10-11,CESAR,VALLEDUPAR (CT),Sábado,08:40:00,LA VICTORIA,URBANA,VIAS PUBLICAS,MOTO,CONDUCTOR VEHICULO,CONDUCTOR MOTOCICLETA,1,HT
2014-11-24,CESAR,VALLEDUPAR (CT),Lunes,14:30:00,VEREDA,RURAL,CARRETERA,VEHICULO,CONDUCTOR VEHICULO,CONDUCTOR VEHICULO,1,HT
2014-11-24,CESAR,VALLEDUPAR (CT),Lunes,14:30:00,VEREDA,RURAL,CARRETERA,VEHICULO,CONDUCTOR VEHICULO,CONDUCTOR VEHICULO,1,HT
2014-11-24,CESAR,VALLEDUPAR (CT),Lunes,14:30:00,VEREDA,RURAL,CARRETERA,VEHICULO,CONDUCTOR VEHICULO,CONDUCTOR VEHICULO,1,HT
2014-12-01,CESAR,VALLEDUPAR (CT),Lunes,00:10:00,VEREDA,RURAL,CARRETERA,MOTO,CONDUCTOR VEHICULO,CONDUCTOR MOTOCICLETA,1,HT
2014-12-01,CESAR,VALLEDUPAR (CT),Lunes,10:45:00,VEREDA,RURAL,CARRETERA,VEHICULO,CONDUCTOR VEHICULO,CONDUCTOR VEHICULO,1,HT
2015-02-08,CESAR,VALLEDUPAR (CT),Domingo,14:40:00,LA NEVADA,URBANA,VIAS PUBLICAS,MOTO,CONDUCTOR MOTOCICLETA,CONDUCTOR MOTOCICLETA,1,HT
2015-02-14,CESAR,VALLEDUPAR (CT),Sábado,18:30:00,CENTRO,URBANA,VIAS PUBLICAS,MOTO,CONDUCTOR MOTOCICLETA,CONDUCTOR MOTOCICLETA,1,HT
2015-02-21,CESAR,VALLEDUPAR (CT),Sábado,04:00:00,CENTRO,URBANA,VIAS PUBLICAS,MOTO,CONDUCTOR MOTOCICLETA,CONDUCTOR MOTOCICLETA,1,HT
2015-02-28,CESAR,VALLEDUPAR (CT),Sábado,16:20:00,LOS MAYALES,URBANA,VIAS PUBLICAS,MOTO,CONDUCTOR VEHICULO,CONDUCTOR MOTOCICLETA,1,HT
2015-03-14,CESAR,VALLEDUPAR (CT),Sábado,16:40:00,CENTRO,URBANA,VIAS PUBLICAS,VEHICULO,CONDUCTOR VEHICULO,A PIE,1,HT
2015-03-24,CESAR,VALLEDUPAR (CT),Martes,18:30:00,SANTO DOMINGO,URBANA,VIAS PUBLICAS,MOTO,CONDUCTOR MOTOCICLETA,A PIE,1,HT
2015-03-28,CESAR,VALLEDUPAR (CT),Sábado,21:40:00,FRANCISCO DE PAULA,URBANA,CARRETERA,VEHICULO,CONDUCTOR MOTOCICLETA,PASAJERO MOTOCICLETA,1,HT
2015-04-22,CESAR,VALLEDUPAR (CT),Miércoles,22:40:00,VEREDA,RURAL,CARRETERA,MOTO,CONDUCTOR MOTOCICLETA,CONDUCTOR MOTOCICLETA,1,HT
2015-04-25,CESAR,VALLEDUPAR (CT),Sábado,19:30:00,VILLA MAGDALA,URBANA,VIAS PUBLICAS,MOTO,CONDUCTOR MOTOCICLETA,CONDUCTOR MOTOCICLETA,1,HT
2015-05-03,CESAR,VALLEDUPAR (CT),Domingo,21:30:00,ALFONSO LOPEZ,URBANA,CARRETERA,VEHICULO,CONDUCTOR VEHICULO,CONDUCTOR MOTOCICLETA,1,HT
2015-05-28,CESAR,VALLEDUPAR (CT),Jueves,16:30:00,VEREDA,RURAL,CARRETERA,VEHICULO,CONDUCTOR VEHICULO,CONDUCTOR VEHICULO,1,HT
2015-05-28,CESAR,VALLEDUPAR (CT),Jueves,16:30:00,VEREDA,RURAL,CARRETERA,VEHICULO,CONDUCTOR VEHICULO,CONDUCTOR VEHICULO,1,HT
2015-05-28,CESAR,VALLEDUPAR (CT),Jueves,16:30:00,VEREDA,RURAL,CARRETERA,VEHICULO,CONDUCTOR VEHICULO,CONDUCTOR VEHICULO,1,HT
2015-06-13,CESAR,VALLEDUPAR (CT),Sábado,19:30:00,EL OASIS,URBANA,VIAS PUBLICAS,MOTO,CONDUCTOR VEHICULO,CONDUCTOR MOTOCICLETA,1,HT
2015-06-22,CESAR,VALLEDUPAR (CT),Lunes,17:30:00,12 DE OCTUBRE,URBANA,VIAS PUBLICAS,VEHICULO,CONDUCTOR VEHICULO,A PIE,1,HT
2015-06-29,CESAR,VALLEDUPAR (CT),Lunes,04:55:00,VEREDA,RURAL,CARRETERA,MOTO,CONDUCTOR MOTOCICLETA,PASAJERO MOTOCICLETA,1,HT
2015-06-30,CESAR,VALLEDUPAR (CT),Martes,03:50:00,VEREDA,RURAL,CARRETERA,VEHICULO,CONDUCTOR VEHICULO,CONDUCTOR VEHICULO,1,HT
2015-07-13,CESAR,VALLEDUPAR (CT),Lunes,14:30:00,VEREDA,RURAL,CARRETERA,MOTO,CONDUCTOR VEHICULO,CONDUCTOR MOTOCICLETA,1,HT
2015-08-05,CESAR,VALLEDUPAR (CT),Miércoles,18:30:00,VEREDA,RURAL,CARRETERA,MOTO,CONDUCTOR VEHICULO,CONDUCTOR MOTOCICLETA,1,HT
2015-08-06,CESAR,VALLEDUPAR (CT),Jueves,12:10:00,GALAN,URBANA,VIAS PUBLICAS,MOTO,CONDUCTOR VEHICULO,CONDUCTOR MOTOCICLETA,1,HT
2015-08-06,CESAR,VALLEDUPAR (CT),Jueves,17:15:00,CENTRO,URBANA,VIAS PUBLICAS,VEHICULO,CONDUCTOR VEHICULO,A PIE,1,HT
2015-08-28,CESAR,VALLEDUPAR (CT),Viernes,14:05:00,VEREDA,RURAL,CARRETERA,MOTO,CONDUCTOR MOTOCICLETA,CONDUCTOR MOTOCICLETA,1,HT
2015-09-01,CESAR,VALLEDUPAR (CT),Martes,16:40:00,CENTRO,URBANA,VIAS PUBLICAS,MOTO,CONDUCTOR MOTOCICLETA,CONDUCTOR MOTOCICLETA,1,HT
2015-09-12,CESAR,VALLEDUPAR (CT),Sábado,06:00:00,VEREDA,RURAL,CARRETERA,MOTO,CONDUCTOR VEHICULO,CONDUCTOR MOTOCICLETA,1,HT
2015-09-16,CESAR,VALLEDUPAR (CT),Miércoles,08:00:00,OBRERO,URBANA,VIAS PUBLICAS,MOTO,CONDUCTOR MOTOCICLETA,CONDUCTOR MOTOCICLETA,1,HT
2015-09-17,CESAR,VALLEDUPAR (CT),Jueves,16:00:00,VEREDA,RURAL,CARRETERA,BICICLETA,CONDUCTOR VEHICULO,BICICLETA,1,HT
2015-09-17,CESAR,VALLEDUPAR (CT),Jueves,16:00:00,VEREDA,RURAL,CARRETERA,BICICLETA,CONDUCTOR VEHICULO,BICICLETA,1,HT
2015-09-28,CESAR,VALLEDUPAR (CT),Lunes,16:50:00,CENTRO,URBANA,VIAS PUBLICAS,BICICLETA,CONDUCTOR VEHICULO,BICICLETA,1,HT
2015-10-05,CESAR,VALLEDUPAR (CT),Lunes,14:00:00,SAN MARTIN,URBANA,VIAS PUBLICAS,MOTO,CONDUCTOR VEHICULO,CONDUCTOR MOTOCICLETA,1,HT
2015-10-12,CESAR,VALLEDUPAR (CT),Lunes,18:30:00,VEREDA,RURAL,CARRETERA,VEHICULO,CONDUCTOR VEHICULO,CONDUCTOR VEHICULO,1,HT
2015-10-12,CESAR,VALLEDUPAR (CT),Lunes,18:30:00,VEREDA,RURAL,CARRETERA,VEHICULO,CONDUCTOR VEHICULO,CONDUCTOR VEHICULO,1,HT
2015-10-12,CESAR,VALLEDUPAR (CT),Lunes,18:30:00,VEREDA,RURAL,CARRETERA,VEHICULO,CONDUCTOR VEHICULO,CONDUCTOR VEHICULO,1,HT
2015-10-22,CESAR,VALLEDUPAR (CT),Jueves,02:30:00,SAN MARTIN,RURAL,VIAS PUBLICAS,MOTO,CONDUCTOR MOTOCICLETA,CONDUCTOR MOTOCICLETA,1,HT
2015-10-24,CESAR,VALLEDUPAR (CT),Sábado,18:00:00,VEREDA,RURAL,CARRETERA,VEHICULO,CONDUCTOR VEHICULO,CONDUCTOR VEHICULO,1,HT
2015-10-27,CESAR,VALLEDUPAR (CT),Martes,14:50:00,CENTRO,URBANA,VIAS PUBLICAS,MOTO,CONDUCTOR MOTOCICLETA,CONDUCTOR MOTOCICLETA,1,HT
2015-10-28,CESAR,VALLEDUPAR (CT),Miércoles,05:00:00,CENTRO,RURAL,VIAS PUBLICAS,MOTO,CONDUCTOR MOTOCICLETA,CONDUCTOR MOTOCICLETA,1,HT
2015-11-01,CESAR,VALLEDUPAR (CT),Domingo,08:00:00,VEREDA,RURAL,CARRETERA,MOTO,CONDUCTOR MOTOCICLETA,CONDUCTOR MOTOCICLETA,1,HT
2015-11-01,CESAR,VALLEDUPAR (CT),Domingo,14:50:00,FUNDADORES,URBANA,VIAS PUBLICAS,MOTO,CONDUCTOR MOTOCICLETA,A PIE,1,HT
2015-11-01,CESAR,VALLEDUPAR (CT),Domingo,02:15:00,25 DE DICIEMBRE,URBANA,VIAS PUBLICAS,MOTO,CONDUCTOR MOTOCICLETA,CONDUCTOR MOTOCICLETA,1,HT
2015-11-08,CESAR,VALLEDUPAR (CT),Domingo,16:00:00,LA GRANJA,URBANA,VIAS PUBLICAS,MOTO,CONDUCTOR MOTOCICLETA,BICICLETA,1,HT
2015-11-08,CESAR,VALLEDUPAR (CT),Domingo,18:30:00,VEREDA,RURAL,CARRETERA,MOTO,CONDUCTOR MOTOCICLETA,A PIE,1,HT
2015-11-15,CESAR,VALLEDUPAR (CT),Domingo,19:00:00,EL PUPO,URBANA,VIAS PUBLICAS,MOTO,CONDUCTOR MOTOCICLETA,A PIE,1,HT
2015-11-30,CESAR,VALLEDUPAR (CT),Lunes,06:20:00,VEREDA,RURAL,CARRETERA,MOTO,CONDUCTOR BUS,CONDUCTOR MOTOCICLETA,1,HT
2015-12-08,CESAR,VALLEDUPAR (CT),Martes,08:00:00,LA POPA,URBANA,VIAS PUBLICAS,MOTO,CONDUCTOR MOTOCICLETA,CONDUCTOR MOTOCICLETA,1,HT
2015-12-19,CESAR,VALLEDUPAR (CT),Sábado,04:50:00,CENTRO,URBANA,VIAS PUBLICAS,MOTO,CONDUCTOR MOTOCICLETA,CONDUCTOR MOTOCICLETA,1,HT
2015-12-25,CESAR,VALLEDUPAR (CT),Viernes,18:00:00,VALLE MESA,URBANA,VIAS PUBLICAS,MOTO,CONDUCTOR MOTOCICLETA,CONDUCTOR MOTOCICLETA,1,HT
2015-12-30,CESAR,VALLEDUPAR (CT),Miércoles,19:30:00,VEREDA,RURAL,CARRETERA,MOTO,CONDUCTOR MOTOCICLETA,CONDUCTOR MOTOCICLETA,1,HT
2016-01-08,CESAR,VALLEDUPAR (CT),Viernes,02:00:00,CENTRO,URBANA,VIAS PUBLICAS,MOTO,CONDUCTOR MOTOCICLETA,CONDUCTOR MOTOCICLETA,1,HT
2016-01-11,CESAR,VALLEDUPAR (CT),Lunes,09:30:00,FRANCISCO JAVIER,URBANA,VIAS PUBLICAS,MOTO,CONDUCTOR MOTOCICLETA,A PIE,1,HT
2016-01-12,CESAR,VALLEDUPAR (CT),Martes,20:00:00,MERCADO,URBANA,VIAS PUBLICAS,VEHICULO,CONDUCTOR VEHICULO,A PIE,1,HT
2016-01-23,CESAR,VALLEDUPAR (CT),Sábado,08:30:00,VILLA FUENTE,URBANA,VIAS PUBLICAS,MOTO,CONDUCTOR VEHICULO,CONDUCTOR MOTOCICLETA,1,HT
2016-01-28,CESAR,VALLEDUPAR (CT),Jueves,13:00:00,VEREDA,RURAL,CARRETERA,VEHICULO,CONDUCTOR VEHICULO,CONDUCTOR VEHICULO,1,HT
2016-02-14,CESAR,VALLEDUPAR (CT),Domingo,03:40:00,CENTRO,URBANA,VIAS PUBLICAS,MOTO,CONDUCTOR MOTOCICLETA,CONDUCTOR MOTOCICLETA,1,HT
2016-03-01,CESAR,VALLEDUPAR (CT),Martes,14:30:00,VEREDA,RURAL,CARRETERA,MOTO,CONDUCTOR VEHICULO,CONDUCTOR MOTOCICLETA,1,HT
2016-03-10,CESAR,VALLEDUPAR (CT),Jueves,04:45:00,VEREDA,RURAL,CARRETERA,VEHICULO,CONDUCTOR VEHICULO,CONDUCTOR VEHICULO,1,HT
2016-04-09,CESAR,VALLEDUPAR (CT),Sábado,17:10:00,SANTA ROSA,URBANA,CARRETERA,VEHICULO,CONDUCTOR VEHICULO,CONDUCTOR MOTOCICLETA,1,HT
2016-04-16,CESAR,VALLEDUPAR (CT),Sábado,01:47:00,LA NEVADA,URBANA,CARRETERA,MOTO,CONDUCTOR MOTOCICLETA,A PIE,1,HT
2016-04-17,CESAR,VALLEDUPAR (CT),Domingo,08:00:00,FUNDADORES,URBANA,CARRETERA,MOTO,CONDUCTOR MOTOCICLETA,A PIE,1,HT
2016-05-27,CESAR,VALLEDUPAR (CT),Viernes,05:00:00,VEREDA,RURAL,CARRETERA,VEHICULO,CONDUCTOR VEHICULO,CONDUCTOR MOTOCICLETA,1,HT
2016-05-27,CESAR,VALLEDUPAR (CT),Viernes,05:00:00,VEREDA,RURAL,CARRETERA,VEHICULO,CONDUCTOR VEHICULO,CONDUCTOR MOTOCICLETA,1,HT
2016-05-30,CESAR,VALLEDUPAR (CT),Lunes,14:50:00,CALLEJA DEL NORTE,URBANA,VIAS PUBLICAS,VEHICULO,CONDUCTOR VEHICULO,CONDUCTOR VEHICULO,1,HT
2016-06-01,CESAR,VALLEDUPAR (CT),Miércoles,03:30:00,VILLA OLGA,URBANA,VIAS PUBLICAS,MOTO,CONDUCTOR MOTOCICLETA,CONDUCTOR MOTOCICLETA,1,HT
2016-06-02,CESAR,VALLEDUPAR (CT),Jueves,05:50:00,VEREDA,RURAL,CARRETERA,MOTO,CONDUCTOR MOTOCICLETA,BICICLETA,1,HT
2016-06-05,CESAR,VALLEDUPAR (CT),Domingo,17:30:00,ALAMOS I,URBANA,VIAS PUBLICAS,MOTO,CONDUCTOR MOTOCICLETA,CONDUCTOR MOTOCICLETA,1,HT
2016-06-09,CESAR,VALLEDUPAR (CT),Jueves,17:50:00,CENTRO,URBANA,VIAS PUBLICAS,VEHICULO,CONDUCTOR VEHICULO,CONDUCTOR MOTOCICLETA,1,HT
2016-06-13,CESAR,VALLEDUPAR (CT),Lunes,00:00:00,VEREDA,RURAL,CARRETERA,VEHICULO,CONDUCTOR VEHICULO,CONDUCTOR MOTOCICLETA,1,HT
2016-06-13,CESAR,VALLEDUPAR (CT),Lunes,00:00:00,VEREDA,RURAL,CARRETERA,VEHICULO,CONDUCTOR VEHICULO,CONDUCTOR MOTOCICLETA,1,HT
2016-06-18,CESAR,VALLEDUPAR (CT),Sábado,21:30:00,LAS FLORES,URBANA,VIAS PUBLICAS,MOTO,CONDUCTOR MOTOCICLETA,A PIE,1,HT
2016-07-01,CESAR,VALLEDUPAR (CT),Viernes,20:20:00,LOS MILAGROS,URBANA,VIAS PUBLICAS,MOTO,CONDUCTOR MOTOCICLETA,CONDUCTOR MOTOCICLETA,1,HT
2016-07-02,CESAR,VALLEDUPAR (CT),Sábado,17:30:00,VEREDA,RURAL,CARRETERA,VEHICULO,CONDUCTOR VEHICULO,CONDUCTOR VEHICULO,1,HT
2016-07-02,CESAR,VALLEDUPAR (CT),Sábado,17:30:00,VEREDA,RURAL,CARRETERA,VEHICULO,CONDUCTOR VEHICULO,CONDUCTOR VEHICULO,1,HT
2016-07-02,CESAR,VALLEDUPAR (CT),Sábado,17:30:00,VEREDA,RURAL,CARRETERA,VEHICULO,CONDUCTOR VEHICULO,CONDUCTOR VEHICULO,1,HT
2016-07-03,CESAR,VALLEDUPAR (CT),Domingo,18:00:00,DIVINO NIÑO,URBANA,VIAS PUBLICAS,MOTO,CONDUCTOR MOTOCICLETA,CONDUCTOR MOTOCICLETA,1,HT
2016-07-05,CESAR,VALLEDUPAR (CT),Martes,17:30:00,VEREDA,RURAL,CARRETERA,VEHICULO,CONDUCTOR VEHICULO,CONDUCTOR VEHICULO,1,HT
2016-07-05,CESAR,VALLEDUPAR (CT),Martes,10:20:00,VEREDA,URBANA,CARRETERA,MOTO,CONDUCTOR MOTOCICLETA,CONDUCTOR MOTOCICLETA,1,HT
2016-07-09,CESAR,VALLEDUPAR (CT),Sábado,01:00:00,VEREDA,RURAL,CARRETERA,MOTO,CONDUCTOR MOTOCICLETA,CONDUCTOR MOTOCICLETA,1,HT
2016-07-17,CESAR,VALLEDUPAR (CT),Domingo,02:00:00,VILLA ELGA,URBANA,VIAS PUBLICAS,MOTO,CONDUCTOR MOTOCICLETA,CONDUCTOR MOTOCICLETA,1,HT
2016-07-17,CESAR,VALLEDUPAR (CT),Domingo,00:40:00,FUNDADORES,URBANA,VIAS PUBLICAS,VEHICULO,CONDUCTOR VEHICULO,CONDUCTOR MOTOCICLETA,1,HT
2016-07-21,CESAR,VALLEDUPAR (CT),Jueves,01:00:00,DANGON,URBANA,VIAS PUBLICAS,MOTO,CONDUCTOR MOTOCICLETA,CONDUCTOR MOTOCICLETA,1,HT
2016-07-24,CESAR,VALLEDUPAR (CT),Domingo,02:40:00,VALLE MESA,URBANA,VIAS PUBLICAS,VEHICULO,CONDUCTOR VEHICULO,PASAJERO MOTOCICLETA,1,HT
2016-07-31,CESAR,VALLEDUPAR (CT),Domingo,00:50:00,LAS DELICIAS,URBANA,VIAS PUBLICAS,MOTO,CONDUCTOR MOTOCICLETA,CONDUCTOR MOTOCICLETA,1,HT
2016-08-03,CESAR,VALLEDUPAR (CT),Miércoles,22:10:00,VEREDA,RURAL,CARRETERA,VEHICULO,CONDUCTOR VEHICULO,CONDUCTOR VEHICULO,1,HT
2016-08-08,CESAR,VALLEDUPAR (CT),Lunes,18:50:00,FUNDADORES,URBANA,VIAS PUBLICAS,MOTO,CONDUCTOR MOTOCICLETA,A PIE,1,HT
2016-08-17,CESAR,VALLEDUPAR (CT),Miércoles,07:25:00,VEREDA,RURAL,CARRETERA,VEHICULO,CONDUCTOR VEHICULO,CONDUCTOR MOTOCICLETA,1,HT
2016-08-25,CESAR,VALLEDUPAR (CT),Jueves,18:30:00,CENTRO,URBANA,VIAS PUBLICAS,VEHICULO,CONDUCTOR VEHICULO,CONDUCTOR MOTOCICLETA,1,HT
2016-08-28,CESAR,VALLEDUPAR (CT),Domingo,17:30:00,SIMON BOLIVAR,URBANA,VIAS PUBLICAS,MOTO,CONDUCTOR VEHICULO,CONDUCTOR MOTOCICLETA,1,HT
2016-09-02,CESAR,VALLEDUPAR (CT),Viernes,08:30:00,VEREDA,RURAL,CARRETERA,VEHICULO,CONDUCTOR VEHICULO,PASAJERO VEHICULO,1,HT
2016-10-09,CESAR,VALLEDUPAR (CT),Domingo,20:50:00,VEREDA,RURAL,CARRETERA,VEHICULO,CONDUCTOR VEHICULO,CONDUCTOR MOTOCICLETA,1,HT
2016-10-15,CESAR,VALLEDUPAR (CT),Sábado,11:20:00,SICARARE,URBANA,CARRETERA,VEHICULO,CONDUCTOR VEHICULO,A PIE,1,HT
2016-10-16,CESAR,VALLEDUPAR (CT),Domingo,18:00:00,SAN MARTIN,URBANA,VIAS PUBLICAS,VEHICULO,CONDUCTOR VEHICULO,A PIE,1,HT
2016-11-09,CESAR,VALLEDUPAR (CT),Miércoles,15:30:00,FRANCISCO DE PAULA,URBANA,VIAS PUBLICAS,VEHICULO,CONDUCTOR VEHICULO,A PIE,1,HT
2016-11-11,CESAR,VALLEDUPAR (CT),Viernes,09:00:00,AZUCAR BUENA,URBANA,VIAS PUBLICAS,MOTO,CONDUCTOR MOTOCICLETA,A PIE,1,HT
2016-11-15,CESAR,VALLEDUPAR (CT),Martes,19:30:00,VILLA MAGDALA,URBANA,VIAS PUBLICAS,MOTO,CONDUCTOR MOTOCICLETA,A PIE,1,HT
2016-11-22,CESAR,VALLEDUPAR (CT),Martes,05:20:00,VEREDA,RURAL,CARRETERA,MOTO,CONDUCTOR MOTOCICLETA,A PIE,1,HT
2016-11-23,CESAR,VALLEDUPAR (CT),Miércoles,16:20:00,ALFONSO LOPEZ,URBANA,VIAS PUBLICAS,VEHICULO,CONDUCTOR VEHICULO,CONDUCTOR MOTOCICLETA,1,HT
2016-11-23,CESAR,VALLEDUPAR (CT),Miércoles,17:45:00,VEREDA,RURAL,CARRETERA,VEHICULO,CONDUCTOR VEHICULO,CONDUCTOR VEHICULO,1,HT
2016-11-24,CESAR,VALLEDUPAR (CT),Jueves,14:30:00,NOVALITO,URBANA,VIAS PUBLICAS,MOTO,CONDUCTOR MOTOCICLETA,PASAJERO MOTOCICLETA,1,HT
2016-11-24,CESAR,VALLEDUPAR (CT),Jueves,15:20:00,VEREDA,RURAL,CARRETERA,VEHICULO,CONDUCTOR VEHICULO,A PIE,1,HT
2016-11-25,CESAR,VALLEDUPAR (CT),Viernes,02:30:00,NOVALITO,URBANA,VIAS PUBLICAS,VEHICULO,CONDUCTOR VEHICULO,PASAJERO MOTOCICLETA,1,HT
2016-12-25,CESAR,VALLEDUPAR (CT),Domingo,14:30:00,LA NEVADA,URBANA,VIAS PUBLICAS,MOTO,CONDUCTOR MOTOCICLETA,A PIE,1,HT
2016-12-25,CESAR,VALLEDUPAR (CT),Domingo,22:30:00,DIVINO NIÑO,URBANA,VIAS PUBLICAS,MOTO,CONDUCTOR MOTOCICLETA,CONDUCTOR MOTOCICLETA,1,HT
2016-12-25,CESAR,VALLEDUPAR (CT),Domingo,04:30:00,DANGON,URBANA,VIAS PUBLICAS,MOTO,CONDUCTOR MOTOCICLETA,A PIE,1,HT
2017-01-01,CESAR,VALLEDUPAR (CT),Domingo,18:00:00,25 DE DICIEMBRE,URBANA,VIAS PUBLICAS,VEHICULO,CONDUCTOR VEHICULO,CONDUCTOR MOTOCICLETA,1,HT
2017-01-09,CESAR,VALLEDUPAR (CT),Lunes,05:20:00,FUNDADORES,URBANA,VIAS PUBLICAS,MOTO,CONDUCTOR MOTOCICLETA,CONDUCTOR MOTOCICLETA,1,HT
2017-01-28,CESAR,VALLEDUPAR (CT),Sábado,18:30:00,EL PARAMO,URBANA,VIAS PUBLICAS,MOTO,CONDUCTOR MOTOCICLETA,BICICLETA,1,HT
2017-01-28,CESAR,VALLEDUPAR (CT),Sábado,22:20:00,DON CARMELO,URBANA,VIAS PUBLICAS,VEHICULO,CONDUCTOR VEHICULO,CONDUCTOR MOTOCICLETA,1,HT
2017-02-10,CESAR,VALLEDUPAR (CT),Viernes,22:20:00,VEREDA,RURAL,CARRETERA,VEHICULO,CONDUCTOR VEHICULO,A PIE,1,HT
2017-02-14,CESAR,VALLEDUPAR (CT),Martes,15:20:00,TERMINAL DE TRANSPORTES,URBANA,VIAS PUBLICAS,VEHICULO,CONDUCTOR VEHICULO,CONDUCTOR VEHICULO,1,HT
2017-03-14,CESAR,VALLEDUPAR (CT),Martes,16:30:00,DON CARMELO,URBANA,VIAS PUBLICAS,VEHICULO,CONDUCTOR VEHICULO,CONDUCTOR MOTOCICLETA,1,HT
2017-03-15,CESAR,VALLEDUPAR (CT),Miércoles,15:30:00,CASIMIRO MASTRE,URBANA,VIAS PUBLICAS,VEHICULO,CONDUCTOR VEHICULO,CONDUCTOR MOTOCICLETA,1,HT
2017-03-19,CESAR,VALLEDUPAR (CT),Domingo,23:50:00,DON CARMELO,URBANA,VIAS PUBLICAS,MOTO,CONDUCTOR MOTOCICLETA,CONDUCTOR MOTOCICLETA,1,HT
2017-03-19,CESAR,VALLEDUPAR (CT),Domingo,03:35:00,DANGON,URBANA,VIAS PUBLICAS,MOTO,CONDUCTOR MOTOCICLETA,CONDUCTOR MOTOCICLETA,1,HT
2017-04-13,CESAR,VALLEDUPAR (CT),Jueves,11:50:00,VEREDA,RURAL,CARRETERA,VEHICULO,CONDUCTOR VEHICULO,PASAJERO VEHICULO,1,HT
2017-04-21,CESAR,VALLEDUPAR (CT),Viernes,07:00:00,VILLA MIRIAN,RURAL,VIAS PUBLICAS,MOTO,CONDUCTOR MOTOCICLETA,CONDUCTOR MOTOCICLETA,1,HT
2017-04-23,CESAR,VALLEDUPAR (CT),Domingo,19:50:00,1º DE MAYO,URBANA,VIAS PUBLICAS,VEHICULO,CONDUCTOR VEHICULO,CONDUCTOR MOTOCICLETA,1,HT
2017-04-26,CESAR,VALLEDUPAR (CT),Miércoles,11:40:00,VEREDA,RURAL,CARRETERA,VEHICULO,CONDUCTOR VEHICULO,PASAJERO VEHICULO,1,HT
2017-04-27,CESAR,VALLEDUPAR (CT),Jueves,20:30:00,VEREDA,RURAL,CARRETERA,VEHICULO,CONDUCTOR VEHICULO,CONDUCTOR MOTOCICLETA,1,HT
2017-04-29,CESAR,VALLEDUPAR (CT),Sábado,18:25:00,VILLA CORELCA,URBANA,VIAS PUBLICAS,MOTO,CONDUCTOR MOTOCICLETA,CONDUCTOR MOTOCICLETA,1,HT
2017-05-08,CESAR,VALLEDUPAR (CT),Lunes,22:50:00,VEREDA,RURAL,CARRETERA,MOTO,CONDUCTOR VEHICULO,CONDUCTOR MOTOCICLETA,1,HT
2017-05-14,CESAR,VALLEDUPAR (CT),Domingo,11:27:00,12 DE OCTUBRE,URBANA,VIAS PUBLICAS,VEHICULO,CONDUCTOR VEHICULO,CONDUCTOR MOTOCICLETA,1,HT
2017-05-22,CESAR,VALLEDUPAR (CT),Lunes,22:40:00,EL CARMEN,URBANA,VIAS PUBLICAS,VEHICULO,CONDUCTOR VEHICULO,CONDUCTOR MOTOCICLETA,1,HT
2017-05-24,CESAR,VALLEDUPAR (CT),Miércoles,10:40:00,VEREDA,RURAL,CARRETERA,VEHICULO,CONDUCTOR VEHICULO,CONDUCTOR VEHICULO,1,HT
2017-05-29,CESAR,VALLEDUPAR (CT),Lunes,13:30:00,VEREDA,RURAL,CARRETERA,VEHICULO,CONDUCTOR VEHICULO,CONDUCTOR MOTOCICLETA,1,HT
2017-05-31,CESAR,VALLEDUPAR (CT),Miércoles,13:50:00,CENTRO,URBANA,VIAS PUBLICAS,VEHICULO,CONDUCTOR VEHICULO,CONDUCTOR MOTOCICLETA,1,HT
2017-05-31,CESAR,VALLEDUPAR (CT),Miércoles,13:50:00,CENTRO,URBANA,VIAS PUBLICAS,VEHICULO,CONDUCTOR VEHICULO,CONDUCTOR MOTOCICLETA,1,HT
2017-06-03,CESAR,VALLEDUPAR (CT),Sábado,22:00:00,MERCA BASTOS,URBANA,VIAS PUBLICAS,MOTO,CONDUCTOR VEHICULO,CONDUCTOR MOTOCICLETA,1,HT
2017-06-04,CESAR,VALLEDUPAR (CT),Domingo,07:40:00,BALNEARIO HURTADO,URBANA,VIAS PUBLICAS,VEHICULO,CONDUCTOR VEHICULO,CONDUCTOR MOTOCICLETA,1,HT
2017-06-04,CESAR,VALLEDUPAR (CT),Domingo,03:15:00,VILLA MIRIAN,URBANA,VIAS PUBLICAS,VEHICULO,CONDUCTOR VEHICULO,CONDUCTOR MOTOCICLETA,1,HT
2017-06-11,CESAR,VALLEDUPAR (CT),Domingo,01:20:00,DON CARMELO,RURAL,VIAS PUBLICAS,MOTO,CONDUCTOR MOTOCICLETA,CONDUCTOR MOTOCICLETA,1,HT
2017-06-20,CESAR,VALLEDUPAR (CT),Martes,17:30:00,SAN MARTIN,URBANA,VIAS PUBLICAS,MOTO,CONDUCTOR MOTOCICLETA,PASAJERO MOTOCICLETA,1,HT
2017-07-01,CESAR,VALLEDUPAR (CT),Sábado,13:10:00,VEREDA,RURAL,CARRETERA,VEHICULO,CONDUCTOR VEHICULO,CONDUCTOR VEHICULO,1,HT
2017-07-18,CESAR,VALLEDUPAR (CT),Martes,05:30:00,VEREDA,RURAL,CARRETERA,VEHICULO,CONDUCTOR VEHICULO,A PIE,1,HT
2017-07-30,CESAR,VALLEDUPAR (CT),Domingo,11:15:00,VEREDA,RURAL,CARRETERA,VEHICULO,CONDUCTOR VEHICULO,PASAJERO MOTOCICLETA,1,HT
2017-08-03,CESAR,VALLEDUPAR (CT),Jueves,18:50:00,VEREDA,RURAL,CARRETERA,VEHICULO,CONDUCTOR VEHICULO,PASAJERO MOTOCICLETA,1,HT
2017-08-06,CESAR,VALLEDUPAR (CT),Domingo,00:10:00,MAREIGUA,URBANA,VIAS PUBLICAS,VEHICULO,CONDUCTOR VEHICULO,CONDUCTOR MOTOCICLETA,1,HT
2017-08-19,CESAR,VALLEDUPAR (CT),Sábado,23:20:00,VEREDA,RURAL,CARRETERA,VEHICULO,CONDUCTOR VEHICULO,CONDUCTOR VEHICULO,1,HT
2017-08-19,CESAR,VALLEDUPAR (CT),Sábado,23:20:00,VEREDA,RURAL,CARRETERA,VEHICULO,CONDUCTOR VEHICULO,CONDUCTOR VEHICULO,1,HT
2017-08-20,CESAR,VALLEDUPAR (CT),Domingo,02:30:00,SIMON BOLIVAR,URBANA,VIAS PUBLICAS,MOTO,CONDUCTOR MOTOCICLETA,CONDUCTOR MOTOCICLETA,1,HT
2017-08-24,CESAR,VALLEDUPAR (CT),Jueves,14:00:00,12 DE OCTUBRE,URBANA,VIAS PUBLICAS,MOTO,CONDUCTOR MOTOCICLETA,A PIE,1,HT
2017-09-03,CESAR,VALLEDUPAR (CT),Domingo,08:30:00,CENTRO,URBANA,VIAS PUBLICAS,VEHICULO,CONDUCTOR VEHICULO,CONDUCTOR VEHICULO,1,HT
2017-09-10,CESAR,VALLEDUPAR (CT),Domingo,19:00:00,LA NEVADA,URBANA,VIAS PUBLICAS,VEHICULO,CONDUCTOR VEHICULO,A PIE,1,HT
2017-09-10,CESAR,VALLEDUPAR (CT),Domingo,21:00:00,VEREDA,RURAL,CARRETERA,VEHICULO,CONDUCTOR VEHICULO,A PIE,1,HT
2017-09-22,CESAR,VALLEDUPAR (CT),Viernes,21:30:00,VEREDA,URBANA,CARRETERA,VEHICULO,CONDUCTOR VEHICULO,CONDUCTOR MOTOCICLETA,1,HT
2017-10-12,CESAR,VALLEDUPAR (CT),Jueves,07:30:00,EL OASIS,URBANA,VIAS PUBLICAS,MOTO,CONDUCTOR MOTOCICLETA,A PIE,1,HT
2017-10-16,CESAR,VALLEDUPAR (CT),Lunes,01:30:00,MAREIGUA,URBANA,VIAS PUBLICAS,VEHICULO,CONDUCTOR VEHICULO,A PIE,1,HT
2017-10-26,CESAR,VALLEDUPAR (CT),Jueves,20:30:00,VEREDA,RURAL,CARRETERA,VEHICULO,CONDUCTOR VEHICULO,A PIE,1,HT
2017-11-10,CESAR,VALLEDUPAR (CT),Viernes,04:30:00,VEREDA,URBANA,CARRETERA,VEHICULO,CONDUCTOR VEHICULO,CONDUCTOR MOTOCICLETA,1,HT
2017-11-12,CESAR,VALLEDUPAR (CT),Domingo,17:00:00,ALAMOS I,URBANA,VIAS PUBLICAS,VEHICULO,CONDUCTOR VEHICULO,A PIE,1,HT
2017-12-07,CESAR,VALLEDUPAR (CT),Jueves,06:00:00,12 DE OCTUBRE,URBANA,VIAS PUBLICAS,-,A PIE,A PIE,1,HT
2017-12-07,CESAR,VALLEDUPAR (CT),Jueves,23:30:00,ROSAMIA,URBANA,VIAS PUBLICAS,MOTO,CONDUCTOR MOTOCICLETA,A PIE,1,HT
2017-12-24,CESAR,VALLEDUPAR (CT),Domingo,01:30:00,PANAMA,URBANA,VIAS PUBLICAS,MOTO,CONDUCTOR MOTOCICLETA,PASAJERO MOTOCICLETA,1,HT
2017-12-25,CESAR,VALLEDUPAR (CT),Lunes,14:30:00,VEREDA,URBANA,VIAS PUBLICAS,MOTO,CONDUCTOR VEHICULO,CONDUCTOR MOTOCICLETA,1,HT
2017-12-25,CESAR,VALLEDUPAR (CT),Lunes,11:00:00,VEREDA,URBANA,VIAS PUBLICAS,VEHICULO,CONDUCTOR VEHICULO,A PIE,1,HT
2018-01-07,CESAR,VALLEDUPAR (CT),Domingo,00:00:00,12 DE OCTUBRE,URBANA,VIAS PUBLICAS,VEHICULO,CONDUCTOR VEHICULO,CONDUCTOR MOTOCICLETA,1,HT
2018-01-14,CESAR,VALLEDUPAR (CT),Domingo,07:30:00,LA FLORESTA,URBANA,VIAS PUBLICAS,MOTO,CONDUCTOR MOTOCICLETA,CONDUCTOR MOTOCICLETA,1,HT
2018-01-18,CESAR,VALLEDUPAR (CT),Jueves,19:46:00,FUNDADORES,URBANA,VIAS PUBLICAS,MOTO,CONDUCTOR MOTOCICLETA,CONDUCTOR MOTOCICLETA,1,HT
2018-01-28,CESAR,VALLEDUPAR (CT),Domingo,16:50:00,LOS MAYALES,URBANA,VIAS PUBLICAS,MOTO,CONDUCTOR MOTOCICLETA,CONDUCTOR MOTOCICLETA,1,HT
2018-02-07,CESAR,VALLEDUPAR (CT),Miércoles,17:50:00,VEREDA,RURAL,CARRETERA,MOTO,CONDUCTOR MOTOCICLETA,CONDUCTOR MOTOCICLETA,1,HT
2018-02-11,CESAR,VALLEDUPAR (CT),Domingo,19:30:00,VEREDA,RURAL,CARRETERA,VEHICULO,CONDUCTOR VEHICULO,CONDUCTOR MOTOCICLETA,1,HT
2018-02-16,CESAR,VALLEDUPAR (CT),Viernes,14:00:00,12 DE OCTUBRE,URBANA,VIAS PUBLICAS,VEHICULO,CONDUCTOR VEHICULO,CONDUCTOR MOTOCICLETA,1,HT
2018-02-20,CESAR,VALLEDUPAR (CT),Martes,00:35:00,LA GRANJA,URBANA,VIAS PUBLICAS,MOTO,CONDUCTOR MOTOCICLETA,CONDUCTOR MOTOCICLETA,1,HT
2018-02-25,CESAR,VALLEDUPAR (CT),Domingo,14:30:00,VEREDA,RURAL,CARRETERA,MOTO,CONDUCTOR MOTOCICLETA,CONDUCTOR MOTOCICLETA,1,HT
2018-02-26,CESAR,VALLEDUPAR (CT),Lunes,04:32:00,VEREDA,RURAL,CARRETERA,VEHICULO,CONDUCTOR VEHICULO,CONDUCTOR VEHICULO,1,HT
2018-03-18,CESAR,VALLEDUPAR (CT),Domingo,01:30:00,CANDELARIA SUR,URBANA,VIAS PUBLICAS,VEHICULO,CONDUCTOR VEHICULO,CONDUCTOR MOTOCICLETA,1,HT
2018-03-26,CESAR,VALLEDUPAR (CT),Lunes,22:30:00,VEREDA,RURAL,CARRETERA,VEHICULO,CONDUCTOR VEHICULO,A PIE,1,HT
2018-03-29,CESAR,VALLEDUPAR (CT),Jueves,21:10:00,VEREDA,URBANA,VIAS PUBLICAS,VEHICULO,CONDUCTOR VEHICULO,CONDUCTOR MOTOCICLETA,1,HT
2018-04-21,CESAR,VALLEDUPAR (CT),Sábado,04:00:00,RIO GUATAPURI,URBANA,VIAS PUBLICAS,MOTO,CONDUCTOR MOTOCICLETA,CONDUCTOR MOTOCICLETA,1,HT
2018-05-19,CESAR,VALLEDUPAR (CT),Sábado,11:30:00,LA POPA,URBANA,VIAS PUBLICAS,MOTO,CONDUCTOR MOTOCICLETA,CONDUCTOR MOTOCICLETA,1,HT
2018-06-08,CESAR,VALLEDUPAR (CT),Viernes,23:45:00,1º DE MAYO,URBANA,VIAS PUBLICAS,VEHICULO,CONDUCTOR VEHICULO,CONDUCTOR VEHICULO,1,HT
2018-06-09,CESAR,VALLEDUPAR (CT),Sábado,22:15:00,VALLE MESA,URBANA,VIAS PUBLICAS,VEHICULO,CONDUCTOR VEHICULO,BICICLETA,1,HT
2018-06-15,CESAR,VALLEDUPAR (CT),Viernes,19:20:00,CALLEJA DEL NORTE,URBANA,VIAS PUBLICAS,VEHICULO,CONDUCTOR VEHICULO,CONDUCTOR MOTOCICLETA,1,HT
2018-07-08,CESAR,VALLEDUPAR (CT),Domingo,15:30:00,LA GRANJA,URBANA,VIAS PUBLICAS,MOTO,CONDUCTOR MOTOCICLETA,CONDUCTOR MOTOCICLETA,1,HT
2018-08-06,CESAR,VALLEDUPAR (CT),Lunes,07:50:00,NOVALITO,URBANA,VIAS PUBLICAS,VEHICULO,CONDUCTOR VEHICULO,CONDUCTOR MOTOCICLETA,1,HT
2018-08-09,CESAR,VALLEDUPAR (CT),Jueves,20:50:00,VEREDA,RURAL,CARRETERA,VEHICULO,CONDUCTOR VEHICULO,CONDUCTOR MOTOCICLETA,1,HT
2018-08-13,CESAR,VALLEDUPAR (CT),Lunes,10:20:00,VILLA CORELCA,URBANA,VIAS PUBLICAS,MOTO,CONDUCTOR MOTOCICLETA,A PIE,1,HT
2018-08-23,CESAR,VALLEDUPAR (CT),Jueves,12:40:00,CENTRO,URBANA,VIAS PUBLICAS,MOTO,CONDUCTOR MOTOCICLETA,A PIE,1,HT
2018-09-16,CESAR,VALLEDUPAR (CT),Domingo,17:04:00,LA MANUELITA,URBANA,VIAS PUBLICAS,MOTO,CONDUCTOR MOTOCICLETA,CONDUCTOR MOTOCICLETA,1,HT
2018-09-27,CESAR,VALLEDUPAR (CT),Jueves,09:30:00,MAREIGUA,URBANA,VIAS PUBLICAS,VEHICULO,CONDUCTOR VEHICULO,A PIE,1,HT
2018-09-29,CESAR,VALLEDUPAR (CT),Sábado,08:00:00,GAITAN,URBANA,VIAS PUBLICAS,MOTO,CONDUCTOR MOTOCICLETA,CONDUCTOR MOTOCICLETA,1,HT
2018-10-29,CESAR,VALLEDUPAR (CT),Lunes,15:50:00,VEREDA,RURAL,CARRETERA,VEHICULO,CONDUCTOR VEHICULO,CONDUCTOR MOTOCICLETA,1,HT
2018-11-02,CESAR,VALLEDUPAR (CT),Viernes,13:30:00,SAN MARTIN,URBANA,VIAS PUBLICAS,MOTO,CONDUCTOR MOTOCICLETA,A PIE,1,HT
2018-11-03,CESAR,VALLEDUPAR (CT),Sábado,19:30:00,VILLA LEONOR,URBANA,VIAS PUBLICAS,VEHICULO,CONDUCTOR VEHICULO,CONDUCTOR MOTOCICLETA,1,HT
2018-11-11,CESAR,VALLEDUPAR (CT),Domingo,22:00:00,VEREDA,RURAL,CARRETERA,VEHICULO,CONDUCTOR VEHICULO,CONDUCTOR VEHICULO,1,HT
2018-11-14,CESAR,VALLEDUPAR (CT),Miércoles,14:30:00,LA NEVADA,URBANA,VIAS PUBLICAS,VEHICULO,CONDUCTOR VEHICULO,CONDUCTOR MOTOCICLETA,1,HT
2018-11-29,CESAR,VALLEDUPAR (CT),Jueves,16:40:00,VEREDA,RURAL,CARRETERA,VEHICULO,CONDUCTOR VEHICULO,CONDUCTOR VEHICULO,1,HT
2018-11-29,CESAR,VALLEDUPAR (CT),Jueves,16:40:00,VEREDA,RURAL,CARRETERA,VEHICULO,CONDUCTOR VEHICULO,CONDUCTOR VEHICULO,1,HT
2018-12-20,CESAR,VALLEDUPAR (CT),Jueves,05:40:00,VEREDA,RURAL,CARRETERA,MOTO,CONDUCTOR MOTOCICLETA,CONDUCTOR MOTOCICLETA,1,HT
2018-12-22,CESAR,VALLEDUPAR (CT),Sábado,12:35:00,VILLA LEONOR,URBANA,VIAS PUBLICAS,MOTO,CONDUCTOR MOTOCICLETA,CONDUCTOR MOTOCICLETA,1,HT
2018-12-23,CESAR,VALLEDUPAR (CT),Domingo,18:45:00,LA NEVADA,URBANA,VIAS PUBLICAS,MOTO,CONDUCTOR MOTOCICLETA,BICICLETA,1,HT
2018-12-24,CESAR,VALLEDUPAR (CT),Lunes,10:00:00,VEREDA,RURAL,CARRETERA,VEHICULO,CONDUCTOR VEHICULO,CONDUCTOR MOTOCICLETA,1,HT
2018-12-25,CESAR,VALLEDUPAR (CT),Martes,09:00:00,VEREDA,RURAL,CARRETERA,VEHICULO,CONDUCTOR VEHICULO,CONDUCTOR MOTOCICLETA,1,HT
2018-12-26,CESAR,VALLEDUPAR (CT),Miércoles,02:00:00,LA POPA,URBANA,VIAS PUBLICAS,MOTO,CONDUCTOR MOTOCICLETA,CONDUCTOR MOTOCICLETA,1,HT
2018-12-30,CESAR,VALLEDUPAR (CT),Domingo,18:40:00,VILLA CASTRO,URBANA,VIAS PUBLICAS,MOTO,PASAJERO MOTOCICLETA,CONDUCTOR MOTOCICLETA,1,HT
2019-02-02,CESAR,VALLEDUPAR (CT),Sábado,21:22:00,NUEVO MILENIO,URBANA,VIAS PUBLICAS,VEHICULO,CONDUCTOR VEHICULO,CONDUCTOR MOTOCICLETA,1,HT
2019-02-06,CESAR,VALLEDUPAR (CT),Miércoles,18:40:00,VEREDA,RURAL,CARRETERA,VEHICULO,CONDUCTOR VEHICULO,A PIE,1,HT
2019-02-09,CESAR,VALLEDUPAR (CT),Sábado,10:45:00,COCA COLA,URBANA,VIAS PUBLICAS,VEHICULO,CONDUCTOR VEHICULO,CONDUCTOR VEHICULO,1,HT
2019-03-06,CESAR,VALLEDUPAR (CT),Miércoles,10:50:00,VEREDA,RURAL,CARRETERA,VEHICULO,CONDUCTOR VEHICULO,CONDUCTOR VEHICULO,1,HT
2019-03-06,CESAR,VALLEDUPAR (CT),Miércoles,10:50:00,VEREDA,RURAL,CARRETERA,VEHICULO,CONDUCTOR VEHICULO,CONDUCTOR VEHICULO,1,HT
2019-03-07,CESAR,VALLEDUPAR (CT),Jueves,16:30:00,VEREDA,RURAL,CARRETERA,MOTO,CONDUCTOR MOTOCICLETA,CONDUCTOR MOTOCICLETA,1,HT
2019-03-09,CESAR,VALLEDUPAR (CT),Sábado,03:55:00,ALTOS DEL ROSARIO,URBANA,VIAS PUBLICAS,MOTO,CONDUCTOR MOTOCICLETA,CONDUCTOR MOTOCICLETA,1,HT
2019-03-17,CESAR,VALLEDUPAR (CT),Domingo,12:00:00,LAS FLORES,URBANA,VIAS PUBLICAS,MOTO,CONDUCTOR MOTOCICLETA,CONDUCTOR MOTOCICLETA,1,HT
2019-03-21,CESAR,VALLEDUPAR (CT),Jueves,19:15:00,VEREDA,RURAL,CARRETERA,VEHICULO,CONDUCTOR VEHICULO,CONDUCTOR MOTOCICLETA,1,HT
2019-04-07,CESAR,VALLEDUPAR (CT),Domingo,10:00:00,7 DE AGOSTO,URBANA,VIAS PUBLICAS,MOTO,CONDUCTOR MOTOCICLETA,CONDUCTOR MOTOCICLETA,1,HT
2019-04-20,CESAR,VALLEDUPAR (CT),Sábado,20:30:00,LOS MAYALES,URBANA,VIAS PUBLICAS,MOTO,CONDUCTOR MOTOCICLETA,CONDUCTOR MOTOCICLETA,1,HT
2019-04-21,CESAR,VALLEDUPAR (CT),Domingo,08:30:00,VEREDA,RURAL,CARRETERA,VEHICULO,CONDUCTOR VEHICULO,CONDUCTOR VEHICULO,1,HT
2019-04-21,CESAR,VALLEDUPAR (CT),Domingo,08:30:00,VEREDA,RURAL,CARRETERA,VEHICULO,CONDUCTOR VEHICULO,CONDUCTOR VEHICULO,1,HT
2019-04-21,CESAR,VALLEDUPAR (CT),Domingo,08:30:00,VEREDA,RURAL,CARRETERA,VEHICULO,CONDUCTOR VEHICULO,CONDUCTOR VEHICULO,1,HT
2019-04-21,CESAR,VALLEDUPAR (CT),Domingo,08:30:00,VEREDA,RURAL,CARRETERA,VEHICULO,CONDUCTOR VEHICULO,CONDUCTOR VEHICULO,1,HT
2019-04-24,CESAR,VALLEDUPAR (CT),Miércoles,17:00:00,VILLA CASTRO,URBANA,VIAS PUBLICAS,MOTO,CONDUCTOR MOTOCICLETA,A PIE,1,HT
2019-05-03,CESAR,VALLEDUPAR (CT),Viernes,05:00:00,GUATAPURI,URBANA,VIAS PUBLICAS,MOTO,CONDUCTOR MOTOCICLETA,A PIE,1,HT
2019-05-09,CESAR,VALLEDUPAR (CT),Jueves,19:30:00,LA ESPERANZA,URBANA,VIAS PUBLICAS,VEHICULO,CONDUCTOR VEHICULO,BICICLETA,1,HT
2019-05-11,CESAR,VALLEDUPAR (CT),Sábado,19:00:00,VEREDA,RURAL,CARRETERA,VEHICULO,CONDUCTOR VEHICULO,CONDUCTOR MOTOCICLETA,1,HT
2019-05-19,CESAR,VALLEDUPAR (CT),Domingo,03:10:00,RUEDA,RURAL,VIAS PUBLICAS,VEHICULO,CONDUCTOR VEHICULO,A PIE,1,HT
2019-05-19,CESAR,VALLEDUPAR (CT),Domingo,23:25:00,VEREDA,RURAL,CARRETERA,MOTO,CONDUCTOR VEHICULO,CONDUCTOR MOTOCICLETA,1,HT
2019-05-25,CESAR,VALLEDUPAR (CT),Sábado,16:30:00,VEREDA,RURAL,CARRETERA,VEHICULO,PASAJERO VEHICULO,A PIE,1,HT
2019-06-01,CESAR,VALLEDUPAR (CT),Sábado,22:00:00,VEREDA,RURAL,CARRETERA,MOTO,CONDUCTOR MOTOCICLETA,CONDUCTOR MOTOCICLETA,1,HT
2019-06-06,CESAR,VALLEDUPAR (CT),Jueves,15:40:00,VEREDA,RURAL,CARRETERA,VEHICULO,CONDUCTOR VEHICULO,CONDUCTOR MOTOCICLETA,1,HT
2019-06-06,CESAR,VALLEDUPAR (CT),Jueves,12:40:00,MAREIGUA,URBANA,VIAS PUBLICAS,MOTO,CONDUCTOR MOTOCICLETA,BICICLETA,1,HT
2019-06-10,CESAR,VALLEDUPAR (CT),Lunes,05:00:00,LOPERENA,URBANA,VIAS PUBLICAS,MOTO,CONDUCTOR MOTOCICLETA,BICICLETA,1,HT
2019-06-16,CESAR,VALLEDUPAR (CT),Domingo,14:00:00,SAN MARTIN,URBANA,VIAS PUBLICAS,MOTO,CONDUCTOR MOTOCICLETA,A PIE,1,HT
2019-06-23,CESAR,VALLEDUPAR (CT),Domingo,18:00:00,VEREDA,RURAL,CARRETERA,MOTO,CONDUCTOR MOTOCICLETA,CONDUCTOR MOTOCICLETA,1,HT
2019-06-30,CESAR,VALLEDUPAR (CT),Domingo,18:00:00,1º DE MAYO,URBANA,VIAS PUBLICAS,VEHICULO,CONDUCTOR VEHICULO,CONDUCTOR MOTOCICLETA,1,HT
2019-06-30,CESAR,VALLEDUPAR (CT),Domingo,10:00:00,VEREDA,RURAL,CARRETERA,MOTO,CONDUCTOR MOTOCICLETA,CONDUCTOR MOTOCICLETA,1,HT
2019-07-06,CESAR,VALLEDUPAR (CT),Sábado,08:30:00,VEREDA,RURAL,VIAS PUBLICAS,VEHICULO,CONDUCTOR VEHICULO,BICICLETA,1,HT
2019-07-08,CESAR,VALLEDUPAR (CT),Lunes,13:50:00,VEREDA,RURAL,CARRETERA,VEHICULO,CONDUCTOR BUS,CONDUCTOR VEHICULO,1,HT
2019-07-08,CESAR,VALLEDUPAR (CT),Lunes,13:50:00,VEREDA,RURAL,CARRETERA,VEHICULO,CONDUCTOR BUS,CONDUCTOR VEHICULO,1,HT
2019-07-08,CESAR,VALLEDUPAR (CT),Lunes,13:50:00,VEREDA,RURAL,CARRETERA,VEHICULO,CONDUCTOR BUS,CONDUCTOR VEHICULO,1,HT
2019-07-08,CESAR,VALLEDUPAR (CT),Lunes,13:50:00,VEREDA,RURAL,CARRETERA,VEHICULO,CONDUCTOR BUS,CONDUCTOR VEHICULO,1,HT
2019-07-08,CESAR,VALLEDUPAR (CT),Lunes,13:50:00,VEREDA,RURAL,CARRETERA,VEHICULO,CONDUCTOR BUS,CONDUCTOR VEHICULO,1,HT
2019-07-08,CESAR,VALLEDUPAR (CT),Lunes,13:50:00,VEREDA,RURAL,CARRETERA,VEHICULO,CONDUCTOR BUS,CONDUCTOR VEHICULO,1,HT
2019-07-09,CESAR,VALLEDUPAR (CT),Martes,17:30:00,VEREDA,RURAL,CARRETERA,VEHICULO,CONDUCTOR VEHICULO,BICICLETA,1,HT
2019-07-11,CESAR,VALLEDUPAR (CT),Jueves,09:00:00,GAITAN,URBANA,VIAS PUBLICAS,VEHICULO,CONDUCTOR VEHICULO,A PIE,1,HT
2019-07-28,CESAR,VALLEDUPAR (CT),Domingo,17:00:00,1º DE MAYO,URBANA,VIAS PUBLICAS,MOTO,CONDUCTOR MOTOCICLETA,A PIE,1,HT
2019-08-01,CESAR,VALLEDUPAR (CT),Jueves,08:10:00,VEREDA,RURAL,CARRETERA,MOTO,CONDUCTOR MOTOCICLETA,CONDUCTOR MOTOCICLETA,1,HT
2019-08-01,CESAR,VALLEDUPAR (CT),Jueves,08:10:00,VEREDA,RURAL,CARRETERA,MOTO,CONDUCTOR MOTOCICLETA,CONDUCTOR MOTOCICLETA,1,HT
2019-09-07,CESAR,VALLEDUPAR (CT),Sábado,07:00:00,FUNDADORES,URBANA,VIAS PUBLICAS,VEHICULO,CONDUCTOR VEHICULO,CONDUCTOR MOTOCICLETA,1,HT
2019-09-25,CESAR,VALLEDUPAR (CT),Miércoles,20:30:00,SAN JORGE,URBANA,VIAS PUBLICAS,VEHICULO,CONDUCTOR VEHICULO,PASAJERO MOTOCICLETA,1,HT
2019-10-05,CESAR,VALLEDUPAR (CT),Sábado,07:40:00,PANAMA,URBANA,VIAS PUBLICAS,VEHICULO,CONDUCTOR VEHICULO,PASAJERO VEHICULO,1,HT
2019-10-11,CESAR,VALLEDUPAR (CT),Viernes,13:30:00,LAS PALMAS,URBANA,VIAS PUBLICAS,VEHICULO,CONDUCTOR VEHICULO,A PIE,1,HT
2019-10-15,CESAR,VALLEDUPAR (CT),Martes,08:30:00,EL PRADO,URBANA,VIAS PUBLICAS,MOTO,CONDUCTOR MOTOCICLETA,A PIE,1,HT
2019-10-15,CESAR,VALLEDUPAR (CT),Martes,09:00:00,12 DE OCTUBRE,URBANA,VIAS PUBLICAS,MOTO,CONDUCTOR MOTOCICLETA,CONDUCTOR MOTOCICLETA,1,HT
2019-10-20,CESAR,VALLEDUPAR (CT),Domingo,03:00:00,SIMON BOLIVAR,URBANA,VIAS PUBLICAS,MOTO,CONDUCTOR MOTOCICLETA,CONDUCTOR MOTOCICLETA,1,HT
2019-10-21,CESAR,VALLEDUPAR (CT),Lunes,01:35:00,SAN CLEMENTE,URBANA,VIAS PUBLICAS,VEHICULO,CONDUCTOR VEHICULO,CONDUCTOR MOTOCICLETA,1,HT
2019-11-07,CESAR,VALLEDUPAR (CT),Jueves,08:00:00,VALLE MESA,URBANA,VIAS PUBLICAS,MOTO,CONDUCTOR MOTOCICLETA,A PIE,1,HT
2019-11-18,CESAR,VALLEDUPAR (CT),Lunes,01:30:00,DON CARMELO,URBANA,VIAS PUBLICAS,MOTO,CONDUCTOR MOTOCICLETA,A PIE,1,HT
2019-12-03,CESAR,VALLEDUPAR (CT),Martes,17:30:00,SAN MARTIN,URBANA,VIAS PUBLICAS,MOTO,CONDUCTOR MOTOCICLETA,A PIE,1,HT
2019-12-08,CESAR,VALLEDUPAR (CT),Domingo,19:00:00,25 DE DICIEMBRE,URBANA,VIAS PUBLICAS,MOTO,CONDUCTOR MOTOCICLETA,CONDUCTOR MOTOCICLETA,1,HT
2019-12-08,CESAR,VALLEDUPAR (CT),Domingo,12:30:00,VEREDA,RURAL,CARRETERA,VEHICULO,CONDUCTOR VEHICULO,CONDUCTOR MOTOCICLETA,1,HT
2019-12-08,CESAR,VALLEDUPAR (CT),Domingo,12:30:00,VEREDA,RURAL,CARRETERA,VEHICULO,CONDUCTOR VEHICULO,CONDUCTOR MOTOCICLETA,1,HT
2019-12-17,CESAR,VALLEDUPAR (CT),Martes,11:30:00,12 DE OCTUBRE,URBANA,ESTABLECIMIENTO DE SALUD,NO REPORTADO,A PIE,A PIE,1,HT
2019-12-19,CESAR,VALLEDUPAR (CT),Jueves,00:00:00,12 DE OCTUBRE,URBANA,VIAS PUBLICAS,NO REPORTADO,A PIE,A PIE,1,HT
